Workbook

Sheet Data Set
A1: Gender | B1: Race/Rthnicity | C1: Parental Level of Education | D1: Lunch | E1: Test Preparation Course | F1: StudyTimeWeekly | G1: Absences | H1: Math Score | I1: Reading Score | J1: Writing Score | K1: Overall Academic Score
A2: female | B2: group B | C2: bachelor's degree | D2: standard | E2: none | F2: 11.36638302155851 | G2: 26 | H2: 72 | I2: 72 | J2: 74 | K2: =(H2+I2)/2 -> 72
A3: female | B3: group C | C3: some college | D3: standard | E3: completed | F3: 3.761171329581512 | G3: 13 | H3: 69 | I3: 90 | J3: 88 | K3: =(H3+I3)/2 -> 79.5 | N3: t - test | O3: =_xlfn.T.TEST(H2:H1001,I2:I1001,2,2) -> 3.9464455e-06 | Q3: =_xlfn.T.TEST(H2:H1001,I2:I1001,1,1) -> 3.661168e-26
A4: female | B4: group B | C4: master's degree | D4: standard | E4: none | F4: 5.370001523949908 | G4: 22 | H4: 90 | I4: 95 | J4: 93 | K4: =(H4+I4)/2 -> 92.5
A5: male | B5: group A | C5: associate's degree | D5: free/reduced | E5: none | F5: 5.497913165141755 | G5: 21 | H5: 47 | I5: 57 | J5: 44 | K5: =(H5+I5)/2 -> 52 | N5: One-Sample t-test
A6: male | B6: group C | C6: some college | D6: standard | E6: none | F6: 7.859015299827061 | G6: 19 | H6: 76 | I6: 78 | J6: 75 | K6: =(H6+I6)/2 -> 77 | N6: Avg. Overall Academic Score | O6: =AVERAGE(K2:K1001) -> 67.629
A7: female | B7: group B | C7: associate's degree | D7: standard | E7: none | F7: 13.896414597434415 | G7: 11 | H7: 71 | I7: 83 | J7: 78 | K7: =(H7+I7)/2 -> 77 | N7: STD. Overall Academic Score | O7: =_xlfn.STDEV.S(K2:K1001) -> 14.186988
A8: female | B8: group B | C8: some college | D8: standard | E8: completed | F8: 2.912574770509029 | G8: 25 | H8: 88 | I8: 95 | J8: 92 | K8: =(H8+I8)/2 -> 91.5 | N8: Sample Size | O8: =COUNT(K2:K1001) -> 1000
A9: male | B9: group B | C9: some college | D9: free/reduced | E9: none | F9: 2.4692714746147204 | G9: 19 | H9: 40 | I9: 43 | J9: 39 | K9: =(H9+I9)/2 -> 41.5 | N9: Standard Error | O9: =_xlfn.STDEV.S(K2:K1001)/SQRT(COUNT(K2:K1001)) -> 0.44863195
A10: male | B10: group D | C10: high school | D10: free/reduced | E10: completed | F10: 17.875483755238896 | G10: 21 | H10: 64 | I10: 64 | J10: 67 | K10: =(H10+I10)/2 -> 64 | N10: t-stat | O10: =(AVERAGE(K2:K1001)-70)/(_xlfn.STDEV.S(K2:K1001)/SQRT(1000)) -> -5.2849557
A11: female | B11: group B | C11: high school | D11: free/reduced | E11: none | F11: 17.248682602823138 | G11: 26 | H11: 38 | I11: 60 | J11: 50 | K11: =(H11+I11)/2 -> 49
A12: male | B12: group C | C12: associate's degree | D12: standard | E12: none | F12: 18.487086923876006 | G12: 0 | H12: 58 | I12: 54 | J12: 52 | K12: =(H12+I12)/2 -> 56
A13: male | B13: group D | C13: associate's degree | D13: standard | E13: none | F13: 4.999179624789911 | G13: 26 | H13: 40 | I13: 52 | J13: 43 | K13: =(H13+I13)/2 -> 46
A14: female | B14: group B | C14: high school | D14: standard | E14: none | F14: 13.239396789012684 | G14: 14 | H14: 65 | I14: 81 | J14: 73 | K14: =(H14+I14)/2 -> 73 | N14: Row Labels | O14: Count of parental level of education
A15: male | B15: group A | C15: some college | D15: standard | E15: completed | F15: 5.7251807076636645 | G15: 1 | H15: 78 | I15: 72 | J15: 70 | K15: =(H15+I15)/2 -> 75 | N15: associate's degree | O15: 222
A16: female | B16: group A | C16: master's degree | D16: standard | E16: none | F16: 9.896569132428404 | G16: 27 | H16: 50 | I16: 53 | J16: 58 | K16: =(H16+I16)/2 -> 51.5 | N16: bachelor's degree | O16: 118
A17: female | B17: group C | C17: some high school | D17: standard | E17: none | F17: 10.779617489002412 | G17: 1 | H17: 69 | I17: 75 | J17: 78 | K17: =(H17+I17)/2 -> 72 | N17: high school | O17: 196
A18: male | B18: group C | C18: high school | D18: standard | E18: none | F18: 6.023180395708907 | G18: 17 | H18: 88 | I18: 89 | J18: 86 | K18: =(H18+I18)/2 -> 88.5 | N18: master's degree | O18: 59
A19: female | B19: group B | C19: some high school | D19: free/reduced | E19: none | F19: 8.412604737576387 | G19: 16 | H19: 18 | I19: 32 | J19: 28 | K19: =(H19+I19)/2 -> 25 | N19: some college | O19: 225
A20: male | B20: group C | C20: master's degree | D20: free/reduced | E20: completed | F20: 17.700306490945174 | G20: 16 | H20: 46 | I20: 42 | J20: 46 | K20: =(H20+I20)/2 -> 44 | N20: some high school | O20: 179
A21: female | B21: group C | C21: associate's degree | D21: free/reduced | E21: none | F21: 14.089872728233694 | G21: 3 | H21: 54 | I21: 58 | J21: 61 | K21: =(H21+I21)/2 -> 56 | N21: Grand Total | O21: 999
A22: male | B22: group D | C22: high school | D22: standard | E22: none | F22: 8.269315334203203 | G22: 29 | H22: 66 | I22: 69 | J22: 63 | K22: =(H22+I22)/2 -> 67.5
A23: female | B23: group B | C23: some college | D23: free/reduced | E23: completed | F23: 11.695136166746094 | G23: 15 | H23: 65 | I23: 75 | J23: 70 | K23: =(H23+I23)/2 -> 70
A24: male | B24: group D | C24: some college | D24: standard | E24: none | F24: 12.941403325177479 | G24: 9 | H24: 44 | I24: 54 | J24: 53 | K24: =(H24+I24)/2 -> 49 | X24: =SLOPE(J2:J1001,G2:G1001) -> 0.024228546
A25: female | B25: group C | C25: some high school | D25: standard | E25: none | F25: 14.63410545446303 | G25: 9 | H25: 69 | I25: 73 | J25: 73 | K25: =(H25+I25)/2 -> 71 | X25: =INTERCEPT(J2:J1001,G2:G1001) -> 67.702323
A26: male | B26: group D | C26: bachelor's degree | D26: free/reduced | E26: completed | F26: 8.045893561526373 | G26: 17 | H26: 74 | I26: 71 | J26: 80 | K26: =(H26+I26)/2 -> 72.5
A27: male | B27: group A | C27: master's degree | D27: free/reduced | E27: none | F27: 0.1069797738844569 | G27: 5 | H27: 73 | I27: 74 | J27: 72 | K27: =(H27+I27)/2 -> 73.5
A28: male | B28: group B | C28: some college | D28: standard | E28: none | F28: 8.528121129839457 | G28: 27 | H28: 69 | I28: 54 | J28: 55 | K28: =(H28+I28)/2 -> 61.5
A29: female | B29: group C | C29: bachelor's degree | D29: standard | E29: none | F29: 6.4107233361299105 | G29: 2 | H29: 67 | I29: 69 | J29: 75 | K29: =(H29+I29)/2 -> 68
A30: male | B30: group C | C30: high school | D30: standard | E30: none | F30: 13.591036731453679 | G30: 3 | H30: 70 | I30: 70 | J30: 65 | K30: =(H30+I30)/2 -> 70
A31: female | B31: group D | C31: master's degree | D31: standard | E31: none | F31: 16.12193495921495 | G31: 29 | H31: 62 | I31: 70 | J31: 75 | K31: =(H31+I31)/2 -> 66
A32: female | B32: group D | C32: some college | D32: standard | E32: none | F32: 8.368989943509161 | G32: 1 | H32: 69 | I32: 74 | J32: 74 | K32: =(H32+I32)/2 -> 71.5
A33: female | B33: group B | C33: some college | D33: standard | E33: none | F33: 11.41329157961578 | G33: 0 | H33: 63 | I33: 65 | J33: 61 | K33: =(H33+I33)/2 -> 64
A34: female | B34: group E | C34: master's degree | D34: free/reduced | E34: none | F34: 7.005447413386552 | G34: 4 | H34: 56 | I34: 72 | J34: 65 | K34: =(H34+I34)/2 -> 64
A35: male | B35: group D | C35: some college | D35: standard | E35: none | F35: 6.195306282858068 | G35: 7 | H35: 40 | I35: 42 | J35: 38 | K35: =(H35+I35)/2 -> 41
A36: male | B36: group E | C36: some college | D36: standard | E36: none | F36: 5.564343741376443 | G36: 19 | H36: 97 | I36: 87 | J36: 82 | K36: =(H36+I36)/2 -> 92
A37: male | B37: group E | C37: associate's degree | D37: standard | E37: completed | F37: 11.448154519355302 | G37: 19 | H37: 81 | I37: 81 | J37: 79 | K37: =(H37+I37)/2 -> 81
A38: female | B38: group D | C38: associate's degree | D38: standard | E38: none | F38: 19.916047355598373 | G38: 1 | H38: 74 | I38: 81 | J38: 83 | K38: =(H38+I38)/2 -> 77.5
A39: female | B39: group D | C39: some high school | D39: free/reduced | E39: none | F39: 18.981592063656336 | G39: 20 | H39: 50 | I39: 64 | J39: 59 | K39: =(H39+I39)/2 -> 57 | N39: Row Labels | O39: Count of lunch
A40: female | B40: group D | C40: associate's degree | D40: free/reduced | E40: completed | F40: 10.403614731335193 | G40: 20 | H40: 75 | I40: 90 | J40: 88 | K40: =(H40+I40)/2 -> 82.5 | N40: free/reduced | O40: 354
A41: male | B41: group B | C41: associate's degree | D41: free/reduced | E41: none | F41: 17.13459893011795 | G41: 22 | H41: 57 | I41: 56 | J41: 57 | K41: =(H41+I41)/2 -> 56.5 | N41: standard | O41: 645
A42: male | B42: group C | C42: associate's degree | D42: free/reduced | E42: none | F42: 2.3951993286439444 | G42: 23 | H42: 55 | I42: 61 | J42: 54 | K42: =(H42+I42)/2 -> 58 | N42: Grand Total | O42: 999
A43: female | B43: group C | C43: associate's degree | D43: standard | E43: none | F43: 10.281613912385463 | G43: 10 | H43: 58 | I43: 73 | J43: 68 | K43: =(H43+I43)/2 -> 65.5
A44: female | B44: group B | C44: associate's degree | D44: standard | E44: none | F44: 0.6398892028864944 | G44: 25 | H44: 53 | I44: 58 | J44: 65 | K44: =(H44+I44)/2 -> 55.5
A45: male | B45: group B | C45: some college | D45: free/reduced | E45: completed | F45: 4.061411858401243 | G45: 26 | H45: 59 | I45: 65 | J45: 66 | K45: =(H45+I45)/2 -> 62
A46: female | B46: group E | C46: associate's degree | D46: free/reduced | E46: none | F46: 18.484368696853203 | G46: 11 | H46: 50 | I46: 56 | J46: 54 | K46: =(H46+I46)/2 -> 53
A47: male | B47: group B | C47: associate's degree | D47: standard | E47: none | F47: 15.078753688828481 | G47: 24 | H47: 65 | I47: 54 | J47: 57 | K47: =(H47+I47)/2 -> 59.5
A48: female | B48: group A | C48: associate's degree | D48: standard | E48: completed | F48: 18.921512361376628 | G48: 1 | H48: 55 | I48: 65 | J48: 62 | K48: =(H48+I48)/2 -> 60
A49: female | B49: group C | C49: high school | D49: standard | E49: none | F49: 5.125847507384352 | G49: 12 | H49: 66 | I49: 71 | J49: 76 | K49: =(H49+I49)/2 -> 68.5
A50: female | B50: group D | C50: associate's degree | D50: free/reduced | E50: completed | F50: 13.909769183553006 | G50: 25 | H50: 57 | I50: 74 | J50: 76 | K50: =(H50+I50)/2 -> 65.5
A51: male | B51: group C | C51: high school | D51: standard | E51: completed | F51: 12.099000262954085 | G51: 19 | H51: 82 | I51: 84 | J51: 82 | K51: =(H51+I51)/2 -> 83
A52: male | B52: group E | C52: some college | D52: standard | E52: none | F52: 7.019512478521827 | G52: 9 | H52: 53 | I52: 55 | J52: 48 | K52: =(H52+I52)/2 -> 54
A53: male | B53: group E | C53: associate's degree | D53: free/reduced | E53: completed | F53: 3.7580718 | G53: 12 | H53: 77 | I53: 69 | J53: 68 | K53: =(H53+I53)/2 -> 73
A54: male | B54: group C | C54: some college | D54: standard | E54: none | F54: 16.96835452861022 | G54: 1 | H54: 53 | I54: 44 | J54: 42 | K54: =(H54+I54)/2 -> 48.5
A55: male | B55: group D | C55: high school | D55: standard | E55: none | F55: 14.417864381041953 | G55: 14 | H55: 88 | I55: 78 | J55: 75 | K55: =(H55+I55)/2 -> 83
A56: female | B56: group C | C56: some high school | D56: free/reduced | E56: completed | F56: 12.13439159564464 | G56: 19 | H56: 71 | I56: 84 | J56: 87 | K56: =(H56+I56)/2 -> 77.5
A57: female | B57: group C | C57: high school | D57: free/reduced | E57: none | F57: 4.070710449636097 | G57: 22 | H57: 33 | I57: 41 | J57: 43 | K57: =(H57+I57)/2 -> 37
A58: female | B58: group E | C58: associate's degree | D58: standard | E58: completed | F58: 18.899695711116863 | G58: 3 | H58: 82 | I58: 85 | J58: 86 | K58: =(H58+I58)/2 -> 83.5
A59: male | B59: group D | C59: associate's degree | D59: standard | E59: none | F59: 14.173534399310139 | G59: 26 | H59: 52 | I59: 55 | J59: 49 | K59: =(H59+I59)/2 -> 53.5
A60: male | B60: group D | C60: some college | D60: standard | E60: completed | F60: 17.048777712837463 | G60: 0 | H60: 58 | I60: 59 | J60: 58 | K60: =(H60+I60)/2 -> 58.5 | N60: Row Labels | O60: Count of male
A61: female | B61: group C | C61: some high school | D61: free/reduced | E61: none | F61: 6.659004939247466 | G61: 3 | H61: 0 | I61: 17 | J61: 10 | K61: =(H61+I61)/2 -> 8.5 | N61: female | O61: 513
A62: male | B62: group E | C62: bachelor's degree | D62: free/reduced | E62: completed | F62: 17.57061498414312 | G62: 25 | H62: 79 | I62: 74 | J62: 72 | K62: =(H62+I62)/2 -> 76.5 | N62: male | O62: 478
A63: male | B63: group A | C63: some high school | D63: free/reduced | E63: none | F63: 5.252672247321472 | G63: 2 | H63: 39 | I63: 39 | J63: 34 | K63: =(H63+I63)/2 -> 39 | N63: Grand Total | O63: 991
A64: male | B64: group A | C64: associate's degree | D64: free/reduced | E64: none | F64: 13.570946828363212 | G64: 3 | H64: 62 | I64: 61 | J64: 55 | K64: =(H64+I64)/2 -> 61.5
A65: female | B65: group C | C65: associate's degree | D65: standard | E65: none | F65: 0.2355975257328402 | G65: 26 | H65: 69 | I65: 80 | J65: 71 | K65: =(H65+I65)/2 -> 74.5
A66: female | B66: group D | C66: some high school | D66: standard | E66: none | F66: 13.084715598906358 | G66: 0 | H66: 59 | I66: 58 | J66: 59 | K66: =(H66+I66)/2 -> 58.5
A67: male | B67: group B | C67: some high school | D67: standard | E67: none | F67: 17.471111524541776 | G67: 7 | H67: 67 | I67: 64 | J67: 61 | K67: =(H67+I67)/2 -> 65.5
A68: male | B68: group D | C68: some high school | D68: free/reduced | E68: none | F68: 2.8173720790172263 | G68: 6 | H68: 45 | I68: 37 | J68: 37 | K68: =(H68+I68)/2 -> 41
A69: female | B69: group C | C69: some college | D69: standard | E69: none | F69: 16.738556656892474 | G69: 7 | H69: 60 | I69: 72 | J69: 74 | K69: =(H69+I69)/2 -> 66
A70: male | B70: group B | C70: associate's degree | D70: free/reduced | E70: none | F70: 4.2105698 | G70: 26 | H70: 61 | I70: 58 | J70: 56 | K70: =(H70+I70)/2 -> 59.5
A71: female | B71: group C | C71: associate's degree | D71: standard | E71: none | F71: 14.28306292784348 | G71: 13 | H71: 39 | I71: 64 | J71: 57 | K71: =(H71+I71)/2 -> 51.5
A72: female | B72: group D | C72: some college | D72: free/reduced | E72: completed | F72: 14.714359735562198 | G72: 22 | H72: 58 | I72: 63 | J72: 73 | K72: =(H72+I72)/2 -> 60.5
A73: male | B73: group D | C73: some college | D73: standard | E73: completed | F73: 0.8440093716259689 | G73: 27 | H73: 63 | I73: 55 | J73: 63 | K73: =(H73+I73)/2 -> 59
A74: female | B74: group A | C74: associate's degree | D74: free/reduced | E74: none | F74: 7.343392513900453 | G74: 26 | H74: 41 | I74: 51 | J74: 48 | K74: =(H74+I74)/2 -> 46
A75: male | B75: group C | C75: some high school | D75: free/reduced | E75: none | F75: 15.234854129390317 | G75: 17 | H75: 61 | I75: 57 | J75: 56 | K75: =(H75+I75)/2 -> 59
A76: male | B76: group C | C76: some high school | D76: standard | E76: none | F76: 15.805198078833875 | G76: 26 | H76: 49 | I76: 49 | J76: 41 | K76: =(H76+I76)/2 -> 49
A77: male | B77: group B | C77: associate's degree | D77: free/reduced | E77: none | F77: 17.472676452694003 | G77: 0 | H77: 44 | I77: 41 | J77: 38 | K77: =(H77+I77)/2 -> 42.5
A78: male | B78: group E | C78: some high school | D78: standard | E78: none | F78: 18.168750957445297 | G78: 15 | H78: 30 | I78: 26 | J78: 22 | K78: =(H78+I78)/2 -> 28
A79: male | B79: group A | C79: bachelor's degree | D79: standard | E79: completed | F79: 6.738438261534911 | G79: 13 | H79: 80 | I79: 78 | J79: 81 | K79: =(H79+I79)/2 -> 79
A80: female | B80: group D | C80: some high school | D80: standard | E80: completed | F80: 8.483701114919524 | G80: 14 | H80: 61 | I80: 74 | J80: 72 | K80: =(H80+I80)/2 -> 67.5
A81: female | B81: group E | C81: master's degree | D81: standard | E81: none | F81: 17.693499699066997 | G81: 2 | H81: 62 | I81: 68 | J81: 68 | K81: =(H81+I81)/2 -> 65
A82: female | B82: group B | C82: associate's degree | D82: standard | E82: none | F82: 10.41310707468223 | G82: 17 | H82: 47 | I82: 49 | J82: 50 | K82: =(H82+I82)/2 -> 48
A83: male | B83: group B | C83: high school | D83: free/reduced | E83: none | F83: 14.406458 | G83: 11 | H83: 49 | I83: 45 | J83: 45 | K83: =(H83+I83)/2 -> 47
A84: male | B84: group A | C84: some college | D84: free/reduced | E84: completed | F84: 4.750322411881203 | G84: 16 | H84: 50 | I84: 47 | J84: 54 | K84: =(H84+I84)/2 -> 48.5
A85: male | B85: group E | C85: associate's degree | D85: standard | E85: none | F85: 11.557541628818182 | G85: 1 | H85: 72 | I85: 64 | J85: 63 | K85: =(H85+I85)/2 -> 68
A86: male | B86: group D | C86: high school | D86: free/reduced | E86: none | F86: 6.463881306486723 | G86: 1 | H86: 42 | I86: 39 | J86: 34 | K86: =(H86+I86)/2 -> 40.5
A87: female | B87: group C | C87: some college | D87: standard | E87: none | F87: 4.402584883950533 | G87: 20 | H87: 73 | I87: 80 | J87: 82 | K87: =(H87+I87)/2 -> 76.5
A88: female | B88: group C | C88: some college | D88: free/reduced | E88: none | F88: 5.213327651242034 | G88: 1 | H88: 76 | I88: 83 | J88: 88 | K88: =(H88+I88)/2 -> 79.5
A89: female | B89: group D | C89: associate's degree | D89: standard | E89: none | F89: 6.532438114960176 | G89: 17 | H89: 71 | I89: 71 | J89: 74 | K89: =(H89+I89)/2 -> 71
A90: female | B90: group A | C90: some college | D90: standard | E90: none | F90: 3.222000465128445 | G90: 25 | H90: 58 | I90: 70 | J90: 67 | K90: =(H90+I90)/2 -> 64
A91: female | B91: group D | C91: some high school | D91: standard | E91: none | F91: 3.0936969636972234 | G91: 15 | H91: 73 | I91: 86 | J91: 82 | K91: =(H91+I91)/2 -> 79.5
A92: female | B92: group C | C92: bachelor's degree | D92: standard | E92: none | F92: 8.288596249340731 | G92: 25 | H92: 65 | I92: 72 | J92: 74 | K92: =(H92+I92)/2 -> 68.5
A93: male | B93: group C | C93: high school | D93: free/reduced | E93: none | F93: 9.273516115463561 | G93: 25 | H93: 27 | I93: 34 | J93: 36 | K93: =(H93+I93)/2 -> 30.5
A94: male | B94: group C | C94: high school | D94: standard | E94: none | F94: 3.514304916736517 | G94: 17 | H94: 71 | I94: 79 | J94: 71 | K94: =(H94+I94)/2 -> 75
A95: male | B95: group C | C95: associate's degree | D95: free/reduced | E95: completed | F95: 11.874115659028693 | G95: 27 | H95: 43 | I95: 45 | J95: 50 | K95: =(H95+I95)/2 -> 44
... A126: male | B126: group E | C126: some college | D126: standard | E126: none | F126: 10.981664451374458 | G126: 16 | H126: 83 | I126: 80 | J126: 73 | K126: =(H126+I126)/2 -> 81.5
A127: female | B127: group B | C127: high school | D127: standard | E127: none | F127: 0.046949477 | G127: 22 | H127: 87 | I127: 95 | J127: 86 | K127: =(H127+I127)/2 -> 91
A128: male | B128: group B | C128: some high school | D128: standard | E128: none | F128: 11.086451961673108 | G128: 8 | H128: 72 | I128: 68 | J128: 67 | K128: =(H128+I128)/2 -> 70
A129: male | B129: group D | C129: some college | D129: standard | E129: completed | F129: 14.321261068391163 | G129: 25 | H129: 65 | I129: 77 | J129: 74 | K129: =(H129+I129)/2 -> 71
A130: male | B130: group D | C130: master's degree | D130: standard | E130: none | F130: 0.2999700075427336 | G130: 27 | H130: 82 | I130: 82 | J130: 74 | K130: =(H130+I130)/2 -> 82
...

Sheet Math Scores Descriptive Stats
A1: Math Score | C1: Table 1
A3: Mean | B3: 66.089
A4: Standard Error | B4: 0.47949869
A5: Median | B5: 66
A6: Mode | B6: 65
A7: Standard Deviation | B7: 15.16308
A8: Sample Variance | B8: 229.919 | D8: Margin Of Error | F8: =_xlfn.CONFIDENCE.NORM(0.05,B7,B15) -> 0.93980017
A9: Kurtosis | B9: 0.27496406 | D9: Confidence Interval | F9: =B3-F8 -> 65.1492 | G9: =B3+F8 -> 67.0288
A10: Skewness | B10: -0.27893515
A11: Range | B11: 100 | D11: We are 95% confident that the sample mean is between (65.14919983,67.0288).
A12: Minimum | B12: 0
A13: Maximum | B13: 100
A14: Sum | B14: 66089
A15: Count | B15: 1000
A17: Minimum | B17: =MIN('Math Scores Descriptive Stats'!H2:H1001) -> 0
A18: 1st Quartile | B18: =_xlfn.QUARTILE.INC('Data Set'!H2:H1001,1) -> 57
A19: Median | B19: =B5 -> 66
A20: 3rd Quartile | B20: =_xlfn.QUARTILE.INC('Data Set'!H4:H1003,3) -> 77
A21: Maximum | B21: =B13 -> 100

Sheet Reading Scores Descriptive Stat
A1: Reading Score | C1: Table 2
A3: Mean | B3: 69.169
A4: Standard Error | B4: 0.46169861
A5: Median | B5: 70
A6: Mode | B6: 72
A7: Standard Deviation | B7: 14.600192
A8: Sample Variance | B8: 213.1656 | D8: Margin Of Error | F8: =_xlfn.CONFIDENCE.NORM(0.05,B7,B15) -> 0.90491264
A9: Kurtosis | B9: -0.068265459 | D9: Confidence Interval | F9: =B3-F8 -> 68.264087 | G9: =B3+F8 -> 70.073913
A10: Skewness | B10: -0.25910452
A11: Range | B11: 83 | D11: We are 95% confident that the sample mean is between (68.26408736,70.07391264).
A12: Minimum | B12: 17
A13: Maximum | B13: 100
A14: Sum | B14: 69169
A15: Count | B15: 1000
A17: Minimum | B17: =B12 -> 17
A18: 1st Quartile | B18: =_xlfn.QUARTILE.INC('Data Set'!I2:I1001,1) -> 59
A19: Median | B19: =B5 -> 70
A20: 3rd Quartile | B20: =_xlfn.QUARTILE.INC('Data Set'!I4:I1003,3) -> 79
A21: Maximum | B21: =B13 -> 100

Sheet Regression Model
A1: SUMMARY OUTPUT
A3: Regression Statistics
A4: Multiple R | B4: 0.013531122
A5: R Square | B5: 0.00018309127
A6: Adjusted R Square | B6: -0.00081872928
A7: Standard Error | B7: 15.201876
A8: Observations | B8: 1000
A10: ANOVA
B11: df | C11: SS | D11: MS | E11: F | F11: Significance F
A12: Regression | B12: 1 | C12: 42.23496 | D12: 42.23496 | E12: 0.18275855 | F12: 0.66910545
A13: Residual | B13: 998 | C13: 230634.85 | D13: 231.09704
A14: Total | B14: 999 | C14: 230677.08
B16: Coefficients | C16: Standard Error | D16: t Stat | E16: P-value | F16: Lower 95% | G16: Upper 95% | H16: Lower 95.0% | I16: Upper 95.0%
A17: Intercept | B17: 67.702323 | C17: 0.95279604 | D17: 71.056469 | E17: 0 | F17: 65.832609 | G17: 69.572036 | H17: 65.832609 | I17: 69.572036
A18: X Variable 1 | B18: 0.024228546 | C18: 0.056674606 | D18: 0.42750269 | E18: 0.66910545 | F18: -0.086986518 | G18: 0.13544361 | H18: -0.086986518 | I18: 0.13544361

Sheet Pivot Table
A1: parental level of education | B1: All
A2: lunch | B2: All
A3: test preparation course | B3: All
A5: Row Labels | B5: Sum of math score | C5: Sum of writing score | D5: Sum of reading score
A6: group A
A7: female | B7: 2107 | C7: 2443 | D7: 2484
A8: male | B8: 3378 | C8: 3135 | D8: 3272
A9: group B
A10: female | B10: 6386 | C10: 7285 | D10: 7392
A11: male | B11: 5670 | C11: 5179 | D11: 5405
A12: group C
A13: female | B13: 11166 | C13: 12920 | D13: 12950
A14: male | B14: 9398 | C14: 8717 | D14: 9094
A15: group D
A16: female | B16: 8417 | C16: 9678 | D16: 9552
A17: male | B17: 9232 | C17: 8700 | D17: 8796
A18: group E
A19: female | B19: 4886 | C19: 5212 | D19: 5233
A20: male | B20: 5449 | C20: 4785 | D20: 4991
A21: Grand Total | B21: 66089 | C21: 68054 | D21: 69169
